-- phpMyAdmin SQL Dump
-- version 4.8.3
-- https://www.phpmyadmin.net/
--
-- Хост: 127.0.0.1:3306
-- Время создания: Фев 26 2019 г., 21:05
-- Версия сервера: 8.0.12
-- Версия PHP: 7.2.10

SET SQL_MODE = "NO_AUTO_VALUE_ON_ZERO";
SET AUTOCOMMIT = 0;
START TRANSACTION;
SET time_zone = "+00:00";


/*!40101 SET @OLD_CHARACTER_SET_CLIENT=@@CHARACTER_SET_CLIENT */;
/*!40101 SET @OLD_CHARACTER_SET_RESULTS=@@CHARACTER_SET_RESULTS */;
/*!40101 SET @OLD_COLLATION_CONNECTION=@@COLLATION_CONNECTION */;
/*!40101 SET NAMES utf8mb4 */;

--
-- База данных: `ishop2`
--

-- --------------------------------------------------------

--
-- Структура таблицы `attribute_group`
--

CREATE TABLE `attribute_group` (
  `id` int(10) UNSIGNED NOT NULL,
  `title` varchar(255) NOT NULL
) ENGINE=InnoDB DEFAULT CHARSET=utf8;

--
-- Дамп данных таблицы `attribute_group`
--

INSERT INTO `attribute_group` (`id`, `title`) VALUES
(1, 'Процессор'),
(2, 'ПЗУ'),
(5, 'ОЗУ'),
(6, 'Диагональ дисплея'),
(7, 'Наличие NFC');

-- --------------------------------------------------------

--
-- Структура таблицы `attribute_product`
--

CREATE TABLE `attribute_product` (
  `attr_id` int(10) UNSIGNED NOT NULL,
  `product_id` int(10) UNSIGNED NOT NULL
) ENGINE=InnoDB DEFAULT CHARSET=utf8;

--
-- Дамп данных таблицы `attribute_product`
--

INSERT INTO `attribute_product` (`attr_id`, `product_id`) VALUES
(1, 8),
(1, 23),
(1, 31),
(1, 108),
(1, 109),
(1, 110),
(3, 1),
(3, 5),
(3, 6),
(4, 3),
(4, 6),
(5, 14),
(5, 15),
(6, 5),
(6, 58),
(7, 108),
(7, 109),
(7, 110),
(8, 1),
(8, 3),
(8, 6),
(9, 56),
(9, 57),
(10, 5),
(11, 58),
(11, 108),
(11, 109),
(11, 110),
(12, 3),
(12, 6),
(13, 56),
(13, 57),
(13, 107),
(13, 108),
(14, 3),
(14, 109),
(15, 1),
(15, 5),
(15, 6),
(15, 58),
(15, 110),
(16, 1),
(16, 6),
(16, 31),
(16, 57),
(16, 58),
(16, 109),
(16, 110),
(17, 3),
(17, 5),
(17, 107),
(17, 108),
(18, 1);

-- --------------------------------------------------------

--
-- Структура таблицы `attribute_value`
--

CREATE TABLE `attribute_value` (
  `id` int(10) UNSIGNED NOT NULL,
  `value` varchar(255) NOT NULL,
  `attr_group_id` int(10) UNSIGNED NOT NULL
) ENGINE=InnoDB DEFAULT CHARSET=utf8;

--
-- Дамп данных таблицы `attribute_value`
--

INSERT INTO `attribute_value` (`id`, `value`, `attr_group_id`) VALUES
(1, 'Kirin 659', 1),
(2, 'Exlynos 8895', 1),
(3, 'Snapdragon 845', 1),
(4, 'Snapdragon 820', 1),
(5, 'Память 16 Гб', 2),
(6, 'Память 32 Гб', 2),
(7, 'Память 64 Гб', 2),
(8, 'Память 128 Гб', 2),
(9, 'ОЗУ 2 Гб', 5),
(10, 'ОЗУ 3 Гб', 5),
(11, 'ОЗУ 4 Гб', 5),
(12, 'ОЗУ 6 Гб', 5),
(13, 'Диагональ 5,0\"- 5,5\"', 6),
(14, 'Диагональ 5,6\"- 5,8\"', 6),
(15, 'Диагональ 5,9\" - 6,2\"', 6),
(16, 'NFC есть', 7),
(17, 'NFC нет', 7),
(18, 'ОЗУ 8 Гб', 5),
(19, 'Qualcomm msm8937', 1);

-- --------------------------------------------------------

--
-- Структура таблицы `brand`
--

CREATE TABLE `brand` (
  `id` int(10) UNSIGNED NOT NULL,
  `title` varchar(255) NOT NULL,
  `alias` varchar(255) NOT NULL,
  `img` varchar(255) NOT NULL DEFAULT 'brand_no_image.jpg',
  `description` varchar(255) DEFAULT NULL
) ENGINE=InnoDB DEFAULT CHARSET=utf8;

--
-- Дамп данных таблицы `brand`
--

INSERT INTO `brand` (`id`, `title`, `alias`, `img`, `description`) VALUES
(1, 'Huawei', 'huawei', 'abt-1.jpg', 'In sin amet sapien eros Integer dolore magna....'),
(2, 'Samsung', 'samsung', 'abt-2.jpg', 'In sin amet sapien eros Integer dolore magna....'),
(3, 'Meizu', 'meizu', 'abt-3.jpg', 'In sit amet sapien eros Integer dolore magna aliqu....'),
(7, 'Xiaomi', 'xiaomi', 'abt-4.jpg', 'In sit amet sapien eros Integer dolore magna aliqu....');

-- --------------------------------------------------------

--
-- Структура таблицы `category`
--

CREATE TABLE `category` (
  `id` int(10) UNSIGNED NOT NULL,
  `title` varchar(255) NOT NULL,
  `alias` varchar(255) NOT NULL,
  `parent_id` tinyint(3) UNSIGNED NOT NULL DEFAULT '0',
  `keywords` varchar(255) DEFAULT NULL,
  `description` varchar(255) DEFAULT NULL
) ENGINE=InnoDB DEFAULT CHARSET=utf8;

--
-- Дамп данных таблицы `category`
--

INSERT INTO `category` (`id`, `title`, `alias`, `parent_id`, `keywords`, `description`) VALUES
(1, 'Samsung', 'samsung', 0, 'Samsung', 'Samsung'),
(2, 'Xiaomi', 'xiaomi', 0, 'Xiaomi', 'Xiaomi'),
(3, 'Huawei', 'huawei', 0, 'Huawei', 'Huawei'),
(4, 'S-серия', 's-seria', 1, 'S-серия', 'S-серия'),
(5, 'Mi PRO', 'mipro', 2, 'Xiaomi', 'Xiaomi'),
(6, 'S8 S8+', 's8s8plus', 4, 'S8 S8+', 'S8 S8+'),
(7, 'A-серия', 'a-series', 1, 'a-series', 'a-series'),
(8, 'J-серия', 'j-series', 1, 'j-series', 'j-series'),
(9, 'P-20', 'p-20', 3, 'Seico', 'Seico'),
(10, 'Epos', 'epos', 15, 'Epos', 'Epos'),
(11, 'Redmi', 'redmi', 2, 'Xiaomi', 'Xiaomi'),
(12, 'POCOPHON', 'pocophon', 2, 'Xiaomi', 'Xiaomi'),
(13, 'Honor', 'honor', 3, 'Honor', 'Honor'),
(14, 'Nova', 'nova', 3, 'Nova', 'Nova'),
(15, 'Meizu', 'meizu', 0, 'Meizu', 'Meizu');

-- --------------------------------------------------------

--
-- Структура таблицы `currency`
--

CREATE TABLE `currency` (
  `id` int(10) UNSIGNED NOT NULL,
  `title` varchar(50) NOT NULL,
  `code` varchar(3) NOT NULL,
  `symbol_left` varchar(10) NOT NULL,
  `symbol_right` varchar(10) NOT NULL,
  `value` float(15,2) NOT NULL,
  `base` enum('0','1') NOT NULL
) ENGINE=InnoDB DEFAULT CHARSET=utf8;

--
-- Дамп данных таблицы `currency`
--

INSERT INTO `currency` (`id`, `title`, `code`, `symbol_left`, `symbol_right`, `value`, `base`) VALUES
(1, 'рубль', 'RUR', '', ' руб.', 70.00, '0'),
(2, 'доллар', 'USD', '$ ', '', 1.00, '1'),
(3, 'евро', 'EUR', '€ ', '', 0.88, '0');

-- --------------------------------------------------------

--
-- Структура таблицы `gallery`
--

CREATE TABLE `gallery` (
  `id` int(10) UNSIGNED NOT NULL,
  `product_id` int(10) UNSIGNED NOT NULL,
  `img` varchar(255) NOT NULL
) ENGINE=InnoDB DEFAULT CHARSET=utf8;

--
-- Дамп данных таблицы `gallery`
--

INSERT INTO `gallery` (`id`, `product_id`, `img`) VALUES
(1, 5, 's-1.jpg'),
(2, 5, 's-2.jpg'),
(3, 5, 's-3.jpg'),
(4, 8, 'p-7.jpg'),
(5, 7, 'p-5.png'),
(6, 3, 'p-2.png'),
(7, 2, 'c-2.jpg'),
(9, 4, 'c-3.jpg'),
(10, 6, 'p-3.png'),
(11, 9, 'p-6.jpg'),
(12, 10, 'p-4.png'),
(13, 1, 'p-1.png'),
(14, 17, 'p-12.jpg'),
(15, 17, 'p-12-1.jpg'),
(16, 17, 'p-12-2.jpg'),
(18, 14, 'p-11.jpg'),
(19, 14, 'p-11.jpg'),
(20, 4, 'c-3-1.jpg'),
(21, 18, 'p-15.jpg'),
(22, 18, 'p-15-1.png'),
(23, 18, 'p-15-2.jpg'),
(27, 19, 'h-y6.jpg'),
(28, 19, 'h-y6-1.jpg'),
(29, 19, 'h-y6-2.jpg'),
(30, 20, 'honor-9.jpg'),
(31, 20, 'honor-9-1.jpg'),
(32, 20, 'honor-9-2.jpg'),
(33, 21, 'honor-8.jpg'),
(34, 21, 'honor-8-1.jpg'),
(35, 21, 'honor-8-2.jpg'),
(36, 22, 'sams-s8.jpg'),
(37, 22, 'sams-s8-1.jpg'),
(38, 22, 'sams-s8-2.jpg'),
(39, 22, 'sams-s8-3.jpg'),
(40, 23, 'sams-a9.jpg'),
(41, 23, 'sams-a9-1.jpg'),
(42, 23, 'sams-a9-2.jpg'),
(43, 31, 'sams-s7.jpg'),
(44, 31, 'sams-s7-1.jpg'),
(46, 107, 'sams-j2-1.jpg'),
(48, 107, 'sams-j2-2.jpg'),
(50, 107, 'sams-j2-3.jpg'),
(52, 1, 'xiaomi-mi8.jpg'),
(53, 109, '0edb7380af1a282523bf613794f70d40.jpg'),
(54, 109, '97d9c58d85c8128101db66d63e16d6ec.jpg'),
(55, 110, '39a299b32fba927d31aedab533bf43f5.jpg'),
(56, 110, '3dac24a12e08a71868c619fc1cb939f2.jpg'),
(57, 110, 'bff161d24c2c5d764c8801495a39846a.jpg');

-- --------------------------------------------------------

--
-- Структура таблицы `modification`
--

CREATE TABLE `modification` (
  `id` int(10) UNSIGNED NOT NULL,
  `product_id` int(10) UNSIGNED NOT NULL,
  `title` varchar(255) NOT NULL,
  `price` float NOT NULL DEFAULT '0'
) ENGINE=InnoDB DEFAULT CHARSET=utf8;

--
-- Дамп данных таблицы `modification`
--

INSERT INTO `modification` (`id`, `product_id`, `title`, `price`) VALUES
(1, 1, 'Silver', 300),
(2, 1, 'Black', 310),
(3, 1, 'Navy Blue', 350),
(4, 1, 'Dark Blue', 300),
(5, 2, 'Silver', 80),
(6, 2, 'Pink', 310),
(7, 1, 'Navy Blue', 450);

-- --------------------------------------------------------

--
-- Структура таблицы `order`
--

CREATE TABLE `order` (
  `id` int(10) UNSIGNED NOT NULL,
  `user_id` int(10) UNSIGNED NOT NULL,
  `status` enum('0','1') NOT NULL DEFAULT '0',
  `date` timestamp NOT NULL DEFAULT CURRENT_TIMESTAMP,
  `update_at` timestamp NULL DEFAULT NULL,
  `currency` varchar(10) NOT NULL,
  `note` text
) ENGINE=InnoDB DEFAULT CHARSET=utf8;

--
-- Дамп данных таблицы `order`
--

INSERT INTO `order` (`id`, `user_id`, `status`, `date`, `update_at`, `currency`, `note`) VALUES
(1, 5, '0', '2019-01-24 02:12:07', NULL, 'RUR', ''),
(2, 2, '0', '2019-01-24 02:16:30', NULL, 'RUR', '12345'),
(3, 2, '1', '2019-01-24 03:05:54', '2019-02-02 09:49:55', 'RUR', ''),
(4, 2, '0', '2019-01-24 03:07:47', '2019-01-31 08:56:16', 'RUR', ''),
(6, 6, '0', '2019-01-25 01:36:02', '2019-02-18 16:09:06', 'RUR', '32323232'),
(7, 6, '0', '2019-01-25 01:45:48', '2019-02-18 19:12:54', 'RUR', 'sdsfgdg'),
(8, 6, '0', '2019-01-25 01:51:42', '2019-01-31 08:33:48', 'RUR', 'yahooo'),
(9, 6, '0', '2019-01-25 02:08:46', '2019-01-31 08:35:51', 'RUR', 'фыва'),
(10, 6, '0', '2019-01-25 02:12:40', '2019-01-31 06:02:45', 'RUR', ''),
(11, 6, '0', '2019-01-25 11:41:19', '2019-02-07 12:37:37', 'RUR', ''),
(12, 6, '0', '2019-01-25 11:43:02', '2019-02-07 12:34:47', 'RUR', ''),
(13, 6, '0', '2019-01-25 11:44:12', NULL, 'RUR', ''),
(14, 6, '0', '2019-01-25 11:45:21', NULL, 'RUR', ''),
(15, 6, '0', '2019-01-25 11:46:34', NULL, 'RUR', ''),
(16, 7, '0', '2019-01-29 11:55:50', '2019-02-07 12:34:17', 'USD', ''),
(17, 6, '0', '2019-01-29 12:01:29', NULL, 'RUR', ''),
(18, 7, '0', '2019-01-30 09:01:26', NULL, 'RUR', ''),
(19, 7, '0', '2019-01-31 04:24:37', '2019-01-31 06:04:27', 'RUR', ''),
(20, 10, '0', '2019-02-17 19:09:13', NULL, 'RUR', ''),
(21, 11, '0', '2019-02-17 19:10:45', NULL, 'RUR', ''),
(22, 12, '0', '2019-02-17 19:13:53', NULL, 'RUR', 'Доставка по адресу с 18.00 до 21.00'),
(23, 12, '0', '2019-02-17 19:14:07', NULL, 'RUR', 'Доставка по адресу с 18.00 до 21.00'),
(24, 12, '0', '2019-02-17 19:14:12', NULL, 'RUR', 'Доставка по адресу с 18.00 до 21.00'),
(50, 14, '0', '2019-02-18 19:38:41', NULL, 'RUR', ''),
(51, 15, '0', '2019-02-18 19:45:19', NULL, 'RUR', 'Доставка с 18.00 до 21.00'),
(52, 16, '0', '2019-02-18 19:59:14', NULL, 'RUR', 'Доставка с 18.00 до 21.00'),
(53, 16, '0', '2019-02-19 15:45:34', NULL, 'RUR', ''),
(54, 16, '0', '2019-02-19 15:45:59', NULL, 'RUR', ''),
(55, 16, '0', '2019-02-20 06:53:07', NULL, 'RUR', ''),
(56, 16, '0', '2019-02-20 06:55:57', NULL, 'RUR', ''),
(57, 16, '0', '2019-02-20 07:01:52', NULL, 'RUR', ''),
(58, 16, '0', '2019-02-20 07:05:12', NULL, 'RUR', '');

-- --------------------------------------------------------

--
-- Структура таблицы `order_product`
--

CREATE TABLE `order_product` (
  `id` int(10) UNSIGNED NOT NULL,
  `order_id` int(10) UNSIGNED NOT NULL,
  `product_id` int(10) UNSIGNED NOT NULL,
  `qty` int(11) NOT NULL,
  `title` varchar(255) NOT NULL,
  `price` float NOT NULL
) ENGINE=InnoDB DEFAULT CHARSET=utf8;

--
-- Дамп данных таблицы `order_product`
--

INSERT INTO `order_product` (`id`, `order_id`, `product_id`, `qty`, `title`, `price`) VALUES
(1, 3, 1, 1, 'Xiaomi Mi8 Pro 8/128Gb Transparent Titanium ', 31500),
(2, 3, 2, 1, 'Xiaomi Redmi Note 5 3/32 GB Black ', 24500),
(3, 3, 5, 1, 'Xiaomi Mi Max 3 4/64Gb Black EU', 20300),
(4, 4, 1, 1, 'Xiaomi Mi8 Pro 8/128Gb Transparent Titanium ', 31500),
(5, 4, 2, 1, 'Xiaomi Redmi Note 5 3/32 GB Black ', 24500),
(6, 4, 5, 3, 'Xiaomi Mi Max 3 4/64Gb Black EU', 20300),
(7, 4, 10, 2, 'Samsung (A600F) Galaxy A6 (2018) 32Gb Gold', 20300),
(8, 4, 1, 1, 'Xiaomi Mi8 Pro 8/128Gb Transparent Titanium  (Navy Blue)', 24500),
(14, 6, 6, 1, 'Samsung Galaxy Note 9 128GB (SM-N960) Black ', 66500),
(15, 6, 8, 1, 'Xiaomi Mi Mix 2S 6/64GB Black', 31500),
(16, 6, 17, 1, 'Xiaomi Pocophone F1 6/64GB', 24850),
(17, 6, 4, 1, 'Huawei Honor 7C 32GB AUM-L41 Золотистый', 29050),
(18, 7, 5, 1, 'Xiaomi Mi Max 3 4/64Gb Black EU', 20300),
(19, 7, 17, 1, 'Xiaomi Pocophone F1 6/64GB', 24850),
(20, 8, 2, 1, 'Xiaomi Redmi Note 5 3/32 GB Black ', 24500),
(21, 9, 14, 1, 'Meizu 16 6/64GB Black', 30100),
(22, 10, 18, 1, 'Huawei Nova 3i 4/64GB INE-LX1', 21000),
(23, 11, 6, 1, 'Samsung Galaxy Note 9 128GB (SM-N960) Black ', 66500),
(24, 12, 14, 1, 'Meizu 16 6/64GB Black', 30100),
(25, 13, 18, 1, 'Huawei Nova 3i 4/64GB INE-LX1', 21000),
(26, 14, 18, 1, 'Huawei Nova 3i 4/64GB INE-LX1', 21000),
(27, 15, 18, 1, 'Huawei Nova 3i 4/64GB INE-LX1', 21000),
(28, 16, 17, 1, 'Xiaomi Pocophone F1 6/64GB', 355),
(29, 17, 9, 1, 'Samsung (J120F) Galaxy J1 (2016) Duos 8Gb LTE ', 6650),
(30, 18, 2, 1, 'Xiaomi Redmi Note 5 3/32 GB Black ', 24500),
(31, 19, 1, 1, 'Xiaomi Mi8 Pro 8/128Gb Transparent Titanium ', 31500),
(32, 20, 108, 1, 'Huawei Nova 2 64 ГБ', 20300),
(33, 21, 108, 1, 'Huawei Nova 2 64 ГБ', 20300),
(34, 22, 108, 1, 'Huawei Nova 2 64 ГБ', 20300),
(35, 23, 108, 1, 'Huawei Nova 2 64 ГБ', 20300),
(36, 24, 108, 1, 'Huawei Nova 2 64 ГБ', 20300),
(74, 50, 1, 1, 'Xiaomi Mi8 Pro 8/128Gb Transparent Titanium ', 31500),
(75, 51, 1, 1, 'Xiaomi Mi8 Pro 8/128Gb Transparent Titanium ', 31500),
(76, 51, 108, 2, 'Huawei Nova 2 64 ГБ', 20300),
(77, 51, 14, 1, 'Meizu 16 6/64GB Black', 30100),
(78, 52, 7, 1, 'Xiaomi Mi Max 2 64Gb Gold', 14350),
(79, 52, 8, 2, 'Xiaomi Mi Mix 2S 6/64GB Black', 31500),
(80, 52, 10, 2, 'Samsung (A600F) Galaxy A6 (2018) 32Gb Gold', 20300),
(81, 53, 6, 1, 'Samsung Galaxy Note 9 128GB (SM-N960) Black ', 66500),
(82, 54, 6, 1, 'Samsung Galaxy Note 9 128GB (SM-N960) Black ', 66500),
(83, 55, 6, 1, 'Samsung Galaxy Note 9 128GB (SM-N960) Black ', 66500),
(84, 56, 110, 1, 'Huawei Mate 20 Lite 4/64GB', 18550),
(85, 57, 14, 2, 'Meizu 16 6/64GB Black', 30100),
(86, 58, 5, 1, 'Xiaomi Mi Max 3 4/64Gb', 20300);

-- --------------------------------------------------------

--
-- Структура таблицы `product`
--

CREATE TABLE `product` (
  `id` int(10) UNSIGNED NOT NULL,
  `category_id` tinyint(3) UNSIGNED NOT NULL,
  `title` varchar(255) NOT NULL,
  `alias` varchar(255) NOT NULL,
  `content` text,
  `price` float NOT NULL DEFAULT '0',
  `old_price` float NOT NULL DEFAULT '0',
  `status` enum('0','1') NOT NULL DEFAULT '1',
  `keywords` varchar(255) DEFAULT NULL,
  `description` text,
  `img` varchar(255) NOT NULL DEFAULT 'no_image.jpg',
  `hit` enum('0','1') NOT NULL DEFAULT '0'
) ENGINE=InnoDB DEFAULT CHARSET=utf8;

--
-- Дамп данных таблицы `product`
--

INSERT INTO `product` (`id`, `category_id`, `title`, `alias`, `content`, `price`, `old_price`, `status`, `keywords`, `description`, `img`, `hit`) VALUES
(1, 5, 'Xiaomi Mi8 Pro 8/128Gb Transparent Titanium ', 'xiaomi-mi8-pro', '<p>Стильный флагман Xiaomi Mi8 Pro 8/128Gb Transparent Titanium EU Смартфон Xiaomi Mi8 Pro относится к группе флагманов. Здесь безрамочный дисплей и увеличенная производительность. Презентация этой модели состоялась совсем недавно, но она уже завоевала свою аудиторию. Дизайн и комфорт в эксплуатации Корпус выполнен из прочного стекла, который не подвергается механическим повреждениям.</p>\r\n', 450, 470, '1', '', '<h3>Процессор и память</h3>\r\n<ul><li><strong>Процессор:Qualcomm Snapdragon 845</strong></li>\r\n	<li>Количество ядер процессора:8</li>\r\n	<li>Частота:2.8 ГГц</li>\r\n	<li>Видеопроцессор:Adreno 630</li>\r\n	<li>Встроенная память (ГБ):128</li>\r\n	<li>Оперативная память (ГБ):8\r\n	<ul>\r\n	</ul>\r\n	</li>\r\n</ul>\r\n<h3>Спутниковая навигация</h3>\r\n<ul>\r\n	<li>Спутниковая навигация:BeiDou, GPS, ГЛОНАСС\r\n	<ul>\r\n	</ul>\r\n	</li>\r\n</ul>\r\n<h3>Связь</h3>\r\n<ul>\r\n	<li>Интернет:3G, 4G, EDGE, GPRS</li>\r\n	<li>Диапазоны GSM:850, 900, 1800, 1900</li>\r\n	<li>Диапазоны UMTS:850, 900, 1900, 2100</li>\r\n	<li>Диапазоны LTE:1, 3, 4, 5, 7, 8, 20, 34, 38, 39, 40, 41</li>\r\n	<li>Bluetooth:5.0</li>\r\n	<li>Wi-Fi (802.11):a, ac, b, g, n</li>\r\n	<li>Разъемы:USB Type-C</li>\r\n	<li>Антенны :LTE антенна B41 4, поддерживает 4 &times; 4 MIMO</li>\r\n	<li>SIM-карта:nano-SIM</li>\r\n	<li>Кол-во SIM-карт:2</li>\r\n	<li>NFC:Полная поддержка NFC\r\n	<ul>\r\n	</ul>\r\n	</li>\r\n</ul>\r\n<h3>Дисплей</h3>\r\n<ul>\r\n	<li>Диагональ дисплея:6.21&quot;</li>\r\n	<li>Разрешение дисплея:2248 x 1080 FHD+</li>\r\n	<li>Плотность пикселей (PPI):402\r\n	<ul>\r\n	</ul>\r\n	</li>\r\n</ul>\r\n<h3>Фотокамера</h3>\r\n<ul>	<li>Фотокамера (Мп):12 + 12</li>\r\n	<li><strong>Двойная камера:Да</strong></li>	<li>Апертура:f/2.4</li>\r\n	<li><strong>Автофокус</strong></li>\r\n	<li><strong>Фронтальная камера (Мп):20</strong></li>\r\n	<li>Видеозапись</li>\r\n	<li>Разрешение видеосъемки (пикс):1080</li>\r\n	<li>Частота кадров видеосъемки:30 fps</li>\r\n	<li>Beautify-фильтры, Панорамная съёмка, Распознавание лиц\r\n	<ul>\r\n	</ul>\r\n	</li>\r\n</ul>\r\n<h3>Питание</h3>\r\n<ul>	<li>Быстрая зарядка:Да</li>\r\n	<li>Тип разъема для зарядки:USB type C</li>\r\n	<li>Емкость аккумулятора (мАч):3000</li>\r\n	<li>Тип:Li-Polimer\r\n	<ul>\r\n	</ul>\r\n	</li>\r\n</ul>\r\n<h3>Мультимедиа</h3>\r\n\r\n<ul>\r\n	<li>Аудиоразъем:совмещен с USB Type-C</li>\r\n	<li>Поддерживаемые медиа форматы:PCM, AAC/AAC+/eAAC+, MP3, AMR&ndash;NB and WB, FLAC, APE, WAV.\r\n	<ul>\r\n	</ul>\r\n	</li>\r\n</ul>\r\n\r\n<h3>Внешний вид</h3>\r\n\r\n<ul>\r\n	<li>Тип корпуса:Классический</li>\r\n	<li>Материал корпуса:Металл, Стекло</li>\r\n	<li>Высота (мм):154,9</li>\r\n	<li>Ширина (мм):74,8</li>\r\n	<li>Толщина (мм):7,6</li>\r\n	<li>Вес (г):177\r\n	<ul>\r\n	</ul>\r\n	</li>\r\n</ul>\r\n\r\n<h3>Комплектация</h3>\r\n\r\n<ul>\r\n	<li>Mi 8 Pro / Адаптер / USB Type-C кабель / Переходник для наушников с Type-C на 3.5 мм разъем / Инструмент для извлечения SIM-карты / Руководство пользователя / Прозрачный мягкий чехол</li>\r\n</ul>\r\n', 'p-1.png', '1'),
(2, 11, 'Xiaomi Redmi Note 5 3/32 GB Black ', 'xiaomi-redmi-note-5', 'Смартфон Xiaomi Redmi Note 5 3/32GB Black EU — современный гаджет с мощным процессором Xiaomi Redmi Note 5 — доступная и мощная модель, которая придётся по душе каждому. Девайс оснащён высокопроизводительным процессором и благодаря совокупности технических характеристик отлично подойдёт как для игр, так и для решения повседневных задач. Достойные камеры, высокая автономность, отличный экран ', 350, 370, '1', NULL, NULL, 'c-2.jpg', '0'),
(3, 15, 'Meizu 16 th 8/128GB Black', 'meizu-16-th ', 'Смартфон Meizu 16th 8/128GB Black - флагман, идеальный в каждой детали Новая модель компании может похвастаться самым совершенным и высокотехнологичным исполнением. В ней гармонично сочетается все то, что только может присутствовать в современной мобильной технике. Роскошный дизайн, строгий черный корпус, сверхчеткие камеры, прогрессивный процессор и несравненные решения безопасности ', 420, 0, '1', NULL, NULL, 'p-2.png', '1'),
(4, 13, 'Huawei Honor 7C 32GB AUM-L41 Золотистый', 'huawei-honor-7c-32gb-aum-l41 ', '<p>Золотистый Huawei Honor 7C 32GB AUM-L41 - бестселлер среди недорогих гаджетов Huawei Honor 7C 32GB AUM-L41 &ndash; интересная модель смартфона с точки зрения характеристик и цены. Это стандартный, недорогой гаджет, который оборудовали современной и удобной функцией &ndash; NFC. Она предоставляет возможность оплачивать покупки без денег и карты. Еще аппарат оснащен вытянутым экраном, двойной камерой</p>\r\n', 415, 0, '1', '', '<h3>Операционная система</h3>\r\n\r\n<table>\r\n	<tbody>\r\n		<tr>\r\n			<td>Операционная система</td>\r\n			<td>Android 8.0</td>\r\n		</tr>\r\n	</tbody>\r\n</table>\r\n\r\n<h3>Дисплей</h3>\r\n\r\n<table>\r\n	<tbody>\r\n		<tr>\r\n			<td>Диагональ/разрешение</td>\r\n			<td>5.7&quot;/1440x720 пикс.</td>\r\n		</tr>\r\n		<tr>\r\n			<td>Диагональ экрана</td>\r\n			<td>5.7&quot;(14.5 см)</td>\r\n		</tr>\r\n		<tr>\r\n			<td>Количество цветов дисплея</td>\r\n			<td>16 млн.</td>\r\n		</tr>\r\n		<tr>\r\n			<td>Тип стекла</td>\r\n			<td>2.5D</td>\r\n		</tr>\r\n	</tbody>\r\n</table>\r\n\r\n<h3>Процессор</h3>\r\n\r\n<table>\r\n	<tbody>\r\n		<tr>\r\n			<td>Производитель процессора</td>\r\n			<td>Qualcomm</td>\r\n		</tr>\r\n		<tr>\r\n			<td>Тип процессора</td>\r\n			<td>Snapdragon 430</td>\r\n		</tr>\r\n		<tr>\r\n			<td>Частота процессора</td>\r\n			<td>1.4 ГГц</td>\r\n		</tr>\r\n		<tr>\r\n			<td>Количество ядер</td>\r\n			<td>8?</td>\r\n		</tr>\r\n	</tbody>\r\n</table>\r\n\r\n<h3>Фотокамера</h3>\r\n\r\n<table>\r\n	<tbody>\r\n		<tr>\r\n			<td>Двойная камера</td>\r\n			<td>Да</td>\r\n		</tr>\r\n		<tr>\r\n			<td>Разрешение фотокамеры</td>\r\n			<td>13 МПикс+2МПикс</td>\r\n		</tr>\r\n		<tr>\r\n			<td>Автофокус</td>\r\n			<td>Да</td>\r\n		</tr>\r\n		<tr>\r\n			<td>Встроенная вспышка</td>\r\n			<td>Да</td>\r\n		</tr>\r\n		<tr>\r\n			<td>Качество видеосъемки</td>\r\n			<td>1920x1080 Пикс (FullHD)</td>\r\n		</tr>\r\n		<tr>\r\n			<td>Разрешение фронтальной камеры</td>\r\n			<td>8 Мпикс</td>\r\n		</tr>\r\n	</tbody>\r\n</table>\r\n\r\n<h3>Память</h3>\r\n\r\n<table>\r\n	<tbody>\r\n		<tr>\r\n			<td>Оперативная память (RAM)</td>\r\n			<td>3 ГБ</td>\r\n		</tr>\r\n		<tr>\r\n			<td>Встроенная память (ROM)</td>\r\n			<td>32 ГБ</td>\r\n		</tr>\r\n		<tr>\r\n			<td>Тип карты памяти</td>\r\n			<td>microSD, microSDHC, microSDXC</td>\r\n		</tr>\r\n		<tr>\r\n			<td>Макс. емкость карты памяти</td>\r\n			<td>256 ГБ</td>\r\n		</tr>\r\n	</tbody>\r\n</table>\r\n\r\n<h3>SIM карта</h3>\r\n\r\n<table>\r\n	<tbody>\r\n		<tr>\r\n			<td>Количество SIM карт</td>\r\n			<td>2</td>\r\n		</tr>\r\n		<tr>\r\n			<td>Тип SIM карты</td>\r\n			<td>nano-SIM</td>\r\n		</tr>\r\n		<tr>\r\n			<td>Поддержка 4G LTE</td>\r\n			<td>Да</td>\r\n		</tr>\r\n		<tr>\r\n			<td>Поддержка стандартов</td>\r\n			<td>2G/3G/4G(LTE)</td>\r\n		</tr>\r\n	</tbody>\r\n</table>\r\n\r\n<h3>Функции</h3>\r\n\r\n<table>\r\n	<tbody>\r\n		<tr>\r\n			<td>Поддержка Wi-Fi</td>\r\n			<td>IEEE 802.11 b/g/n</td>\r\n		</tr>\r\n		<tr>\r\n			<td>Wi-Fi точка доступа</td>\r\n			<td>Да</td>\r\n		</tr>\r\n		<tr>\r\n			<td>Поддержка GPS</td>\r\n			<td>Да</td>\r\n		</tr>\r\n		<tr>\r\n			<td>Цифровой компас</td>\r\n			<td>Да</td>\r\n		</tr>\r\n		<tr>\r\n			<td>Встроенный модуль Bluetooth</td>\r\n			<td>4.2</td>\r\n		</tr>\r\n		<tr>\r\n			<td>Датчик ориентации экрана</td>\r\n			<td>Да</td>\r\n		</tr>\r\n		<tr>\r\n			<td>Датчик отпечатков пальцев</td>\r\n			<td>Да</td>\r\n		</tr>\r\n		<tr>\r\n			<td>Технология Wi-Fi Direct</td>\r\n			<td>Да</td>\r\n		</tr>\r\n		<tr>\r\n			<td>Технология NFC</td>\r\n			<td>Да</td>\r\n		</tr>\r\n		<tr>\r\n			<td>Поддержка USB Host (OTG)</td>\r\n			<td>Да</td>\r\n		</tr>\r\n	</tbody>\r\n</table>\r\n\r\n<h3>Электропитание</h3>\r\n\r\n<table>\r\n	<tbody>\r\n		<tr>\r\n			<td>Время в режиме ожидания</td>\r\n			<td>до 380 часов</td>\r\n		</tr>\r\n		<tr>\r\n			<td>Время в режиме разговора</td>\r\n			<td>до 21 часа</td>\r\n		</tr>\r\n		<tr>\r\n			<td>Емкость аккумулятора</td>\r\n			<td>3000 мАч</td>\r\n		</tr>\r\n		<tr>\r\n			<td>Тип аккумулятора</td>\r\n			<td>несъёмный</td>\r\n		</tr>\r\n	</tbody>\r\n</table>\r\n\r\n<h3>Интерфейсы</h3>\r\n\r\n<table>\r\n	<tbody>\r\n		<tr>\r\n			<td>Порт USB</td>\r\n			<td>microUSB 2.0</td>\r\n		</tr>\r\n		<tr>\r\n			<td>Разъем 3.5 мм для подкл. гарнитуры</td>\r\n			<td>1</td>\r\n		</tr>\r\n	</tbody>\r\n</table>\r\n\r\n<h3>Корпус</h3>\r\n\r\n<table>\r\n	<tbody>\r\n		<tr>\r\n			<td>Материал корпуса</td>\r\n			<td>пластик</td>\r\n		</tr>\r\n	</tbody>\r\n</table>\r\n\r\n<h3>Комплектация</h3>\r\n\r\n<table>\r\n	<tbody>\r\n		<tr>\r\n			<td>Зарядное устройство в комплекте</td>\r\n			<td>Да</td>\r\n		</tr>\r\n		<tr>\r\n			<td>Кабель для связи с ПК</td>\r\n			<td>в комплекте</td>\r\n		</tr>\r\n	</tbody>\r\n</table>\r\n\r\n<h3>Цвет, размеры и вес</h3>\r\n\r\n<table>\r\n	<tbody>\r\n		<tr>\r\n			<td>Цвет</td>\r\n			<td>синий</td>\r\n		</tr>\r\n		<tr>\r\n			<td>Габаритные размеры (В*Ш*Г)</td>\r\n			<td>152*73*8</td>\r\n		</tr>\r\n		<tr>\r\n			<td>Вес</td>\r\n			<td>155 г</td>\r\n		</tr>\r\n	</tbody>\r\n</table>\r\n\r\n<h3>Основные характеристики</h3>\r\n\r\n<table>\r\n	<tbody>\r\n		<tr>\r\n			<td>Гарантия</td>\r\n			<td>1 год</td>\r\n		</tr>\r\n		<tr>\r\n			<td>Страна</td>\r\n			<td>КНР</td>\r\n		</tr>\r\n		<tr>\r\n			<td>Высота</td>\r\n			<td>152 мм</td>\r\n		</tr>\r\n		<tr>\r\n			<td>Ширина</td>\r\n			<td>73 мм</td>\r\n		</tr>\r\n		<tr>\r\n			<td>Глубина</td>\r\n			<td>8 мм</td>\r\n		</tr>\r\n	</tbody>\r\n</table>\r\n\r\n<h3>Служебная информация</h3>\r\n\r\n<table>\r\n	<tbody>\r\n		<tr>\r\n			<td>Базовый цвет</td>\r\n			<td>синий</td>\r\n		</tr>\r\n	</tbody>\r\n</table>\r\n', 'c-3.jpg', '0'),
(5, 5, 'Xiaomi Mi Max 3 4/64Gb', 'xiaomi-mi-max-3-4-64gb-black', 'Новый гаджет Mi Max 3 464Gb Black EU от китайского бренда «Xiaomi» – это огромный смартфон с максимально энергоёмким аккумулятором (Li‑Ion, 5500 мАч), позволяющим загружать любые приложения и просматривать видеоролики в течение 16 часов. Сочный сенсорный мультитач-экран 6.9\" с разрешением 2160x1080 занимает 85,19% передней панели.Главные преимущества гаджета:\r\nсовременная IPS-матрица;\r\nналичие стереодинамиков;\r\nвысокая светочувствительность камеры;\r\nподдержка двух SIM-карт;\r\nавтофокус и режим макросъёмки;\r\nоптимальное соотношение сторон экрана (18:9);\r\nналичие слота для карты памяти;\r\nвозможность разблокировки с помощью фронтальной камеры;\r\nподдержка функции быстрой зарядки.\r\n\r\nСяоми Ми Макс 3 464Гб оснащён возможностью подключения через интерфейсы Wi-Fi, Bluetooth и USB, а о навигации позаботятся установленные системы GPS, ГЛОНАСС и BeiDou. Гаджет также снабжён датчиками освещённости, приближения и считывания отпечатка пальца.', 290, 0, '1', NULL, NULL, 's-1.jpg', '0'),
(6, 4, 'Samsung Galaxy Note 9 128GB (SM-N960) Black ', 'samsung-galaxy-note-9-128gb-black ', 'Планшетофон Samsung Galaxy Note 9 128GB (SM-N960) Black Смартфон Samsung Galaxy Note 9 128GB (SM-N960) Black – это девятый по счету планшетофон, который радует высокой производительностью и массой функций. По запланированному графику, компания Самсунг обновила линейку телефонов, из-за чего покупателям представили эту интересную модель. Привлекательное исполнение и комфорт в пользовании ', 950, 1020, '1', NULL, NULL, 'p-3.png', '1'),
(7, 5, 'Xiaomi Mi Max 2 64Gb Gold', 'xiaomi-mi-max-2-64gb-gold', 'Xiaomi Mi Max 2 выполнен из элегантного металлического корпуса, за счет которого смартфон прослужит дольше обычного. Внешний вид Xiaomi Mi Max 2 так и манит, чтобы к нему прикоснулись и, как только Вы возьмете его в руки, - не захотите выпускать!\r\n\r\nЯркий 6.44-дюймовый экран приведет Вас в неподдельный восторг своими красочными картинками. Вы сможете просматривать фильмы, играть в увлекательные игры, читать любимые книги – чем бы Вы не занимались, Вы получите массу яркий впечатлений!\r\n\r\nПоразите всех своих друзей яркими и естественными фотографиями! Основная камера оснащена датчиком изображения IMX386 от Sony, а это значит, что все Ваши кадры будут отличаться четкой детализацией! Фронтальная камера подарит Вам умопомрачительные селфи-снимки!\r\n\r\nВосьмиядерный процессор обеспечивает Xiaomi Mi Max 2 плавной и сверхскоростной работой. Теперь Вы сможете играть в любимые игры без каких-либо тормозов!\r\n\r\nС мощным аккумулятором 5300 mAh Вы можете забыть о постоянных надоедливых подзарядках. Слушайте музыку, развлекайтесь в различных приложениях, общайтесь в соцсетях – времени хватит на все!', 205, 0, '1', NULL, NULL, 'p-5.jpg', '1'),
(8, 5, 'Xiaomi Mi Mix 2S 6/64GB Black', 'xiaomi-mi-mix-2s-6-64gb-black', 'Новая модель от бренда Сяоми с первых мгновений восхищает и поражает своим оригинальным безрамочным дизайном с глубоким черным цветом корпуса. Дополняет изысканный стиль большой высококачественный дисплей с высокой яркостью, незначительные рамки и плавные грани.\r\n\r\n\r\nМощный флагманский чипсет от Qualcomm без труда справляется с требовательными приложениями и современными играми, а двойная камера с искусственным интеллектом легко создает роскошные кадры.\r\n\r\n\r\nMi Mix 2S - настоящий законодатель моды в мире профессиональных задач и мобильных развлечений.', 450, 0, '1', NULL, NULL, 'p-7.jpg', '1'),
(9, 8, 'Samsung (J120F) Galaxy J1 (2016) Duos 8Gb LTE ', 'samsung-galaxy-j1-duos-8gb-lte ', 'Samsung Galaxy J1 (2016) J120 – создан для тех, кто ищет смартфон именитого бренда по демократичной цене. Он выполнен в классическом для корейского производителя дизайне, с красивыми боковыми гранями. Несмотря на упрощенные материалы корпуса, по сравнению с флагманскими моделями, устройство приятно лежит в руке и, к тому же, менее маркое.', 95, 120, '1', NULL, NULL, 'p-6.jpg', '0'),
(10, 7, 'Samsung (A600F) Galaxy A6 (2018) 32Gb Gold', 'samsung-galaxy-a6-2018-32gb-gold', 'Смартфон Samsung Galaxy A6 (2018) получил «удлиненный» экран с соотношением сторон 18,5:9. Дополнительное пространство значительно упрощает одновременное выполнение разных задач, помогая сохранить отличную детализацию изображения при запуске двух приложений. В основу дисплея положена матрица AMOLED, собранная из множества независимых светодиодов. Она воспроизводит кристально чистые оттенки белого', 290, 320, '1', NULL, NULL, 'p-4.png', '1'),
(14, 15, 'Meizu 16 6/64GB Black', 'meizu-16-6-64gb-black', 'Удовольствие от пользования совершенной моделью от бренда Меизу открывает невиданные до этого возможности в сфере работы, развлечений и коммуникации. С этим девайсом каждый сможет по достоинству оценить весь спектр преимуществ высоких технологий:\r\nбольшой высококачественный дисплей с высоким разрешением дает возможность получать настоящее наслаждение от видео и графики;\r\nустановленные совершенные камеры с мощной аппаратной и программной поддержкой дают возможность делать превосходные снимки везде, где только пожелается;\r\nсовременная высокопроизводительная конфигурация, выстроенная на прогрессивных высокотехнологичных элементах - залог легкой работы с любыми приложениями и играми;\r\nдактилоскопический сканер и функция распознавания лиц - инструмент защиты устройства и личных данных от постороннего вмешательства.\r\nБезукоризненное оснащение гаджета скрыто в эргономичном корпусе, который обрамляется изящным дизайном. Черный цвет панелей аккуратно подчеркивает линии смартфона, делая его более утонченным.', 430, 455, '1', NULL, NULL, 'p-11.jpg', '0'),
(17, 12, 'Xiaomi Pocophone F1 6/64GB', 'xiaomi-pocophone-f1-6-64gb', 'Работоспособность и быстродействие, превосходный экран и “живая” цветопередача, чистый звук и поразительная многозадачность - этой модели телефона присуще все лучшее, что можно только пожелать в мобильном устройстве. Мощная конфигурация компактно размещена в тонком корпусе с роскошным дизайном, главными изюминками которого являются плавные линии и классический черный цвет панелей.', 355, 450, '1', NULL, NULL, 'p-12.jpg', '1'),
(18, 14, 'Huawei Nova 3i 4/64GB INE-LX1', 'huawei-nova-3i-4-64gb-ine-lx1', 'Чёрный смартфон Huawei Nova 3i 464GB INE-LX1 в первую очередь отличается оптимальным соотношением сторон дисплея (19,5:9) и безрамочным FHD+ мультитач-экраном с диагональю 6,3\", гарантирующими насыщенность, контрастность и красочность изображений. Разрешение экрана составляет 2340х1080 пикселей, плотность – 400 пикселей на дюйм. Данный товар отлично подойдёт для установки массивных приложений, просмотра видеоклипов и общения в мессенджерах. С прибором можно делать высококачественные и яркие фотоснимки – за счёт автофокуса и мощной LED-вспышки.', 300, 330, '1', NULL, NULL, 'p-15.jpg', '0'),
(19, 3, 'Huawei Y6 Prime 16Gb ATU-L31', 'huawei-y6-prime-16gb-atu-l31', 'Модель является одной из самых достойных в бюджетном сегменте. Все это благодаря целому ряду особенностей, которые присущи девайсу. К ним относится безупречный дисплей с высокой яркостью, четкие объективы и мощный объемный звук. К тому же аппарат имеет роскошный дизайн с отделкой корпуса синим цветом. С таким гаджетом владелец всегда соответствует модным тенденциям.', 130, 142, '1', NULL, 'Процессор -\r\nQualcomm Snapdragon 425 MSM8917\r\n<p>Частота процессора, МГц\r\n\r\n1400</p>карты\r\n\r\n\r\n\r\nНавигация\r\n\r\n\r\n\r\nGPS, ГЛОНАСС', 'h-y6.jpg', '0'),
(20, 13, 'Huawei Honor 9 Lite 3/32GB LLD-L31', 'huawei-honor-9-lite-3-32gb', 'Huawei Honor 9 Lite является обновленным смартфоном, который внешне напоминает модель P10 Lite. Разница заключается в том, что представленный аппарат имеет новый процессор и дополнительные камеры. Выход этого устройства связан с тем, что компания Хуавей решила обновить линейку гаджетов. Это решение было принято для того, чтобы вместить в аппараты FullView-дисплей.', 200, 225, '1', NULL, NULL, 'honor-9.jpg', '0'),
(22, 4, 'Samsung Galaxy S8+ Duos 64Gb LTE', 'samsung-galaxy-s8-plus-duos-64gb-lte', 'Samsung (G955) Galaxy S8+ Duos 64Gb LTE black: погружение Самсунг Гэлекси стирает границы. Новый телефон от корейского производителя имеет настолько объемный экран, что кажется, можно погрузиться в него с головой. Современный дизайн Смартфон отличается привлекательным дизайном, главное в котором — практически полное отсутствие рамок и совсем узкие верхняя и нижняя панели.', 480, 530, '1', NULL, NULL, 'sams-s8.jpg', '0'),
(23, 7, 'Samsung Galaxy A9 Duos 6/128Gb', 'samsung-galaxy-a9-duos-6-128gb', '<p>Смартфон Samsung (A920F/DS) Galaxy A9 (2018) Duos 6/128Gb Black с четырьмя задними камерами для создания самых высококлассных мобильных фото и видео Делайте свои лучшие снимки с помощью Galaxy A9 Duos от Samsung. Galaxy A9 позволяет использовать ни одну, ни даже две, а целых четыре задние камеры в дополнение к 24-мегапиксельной f/2.0 фронтальной селфи-камере.</p>\r\n', 380, 450, '1', '', '', 'sams-a9.jpg', '0'),
(31, 4, 'Samsung Galaxy S7 Edge 32Gb Single Sim gold platinum', 'samsung-galaxy-s7-32gb', 'Первое, что бросается в глаза при взгляде на Samsung Galaxy S7 Edge – это дизайн. Сразу видно, что Samsung Galaxy S7 Edge это смартфон премиум-класса. Samsung Galaxy S7 Edge выглядит элегантно и дорого, и, что еще интереснее, кажется компактнее, чем его конкуренты с таким же размером экрана (5,5 дюймов). Это происходит благодаря немного изогнутому экрану. ', 390, 420, '1', '', '<ul><li>экран диагональю 5 ,5 дюйма</li><li> разрешение 2560 на 1440 точек</li><li> процессор восьмиядерный, 2,3 ГГц</li><li> оперативная память — 4 Гб </li><li>встроенная память — 32Гб/64Гб</li><li> есть слот для карт памяти (до 200 Гб)</li><li> основная камера 12 Мп</li><li> фронтальная камера 5 Мп</li><li> аккумулятор 3600 мАч</li></ul>', 'sams-s7.jpg', '0'),
(106, 7, 'Samsung Galaxy A8 Duos 32Gb LTE', 'samsung-galaxy-a8-32gb', 'Смартфон Samsung (A530F) Galaxy A8 (2018) Duos 32Gb LTE Black - великолепный гаджет с потрясающим функционалом Новый продукт Самсунг Гелекси А8 является топовым современным девайсом, которому свойственны все премиальные особенности прогрессивных аппаратов.', 270, 310, '1', '', '<ul><li>экран диагональю 5 ,5 дюйма</li><li> разрешение 2560 на 1440 точек</li><li> процессор восьмиядерный, 2,3 ГГц</li><li> оперативная память — 4 Гб </li><li>встроенная память — 32Гб/64Гб</li><li> есть слот для карт памяти (до 200 Гб)</li><li> основная камера 12 Мп</li><li> фронтальная камера 5 Мп</li><li> аккумулятор 3600 мАч</li></ul>', 'sams-a8.jfif', '0'),
(107, 8, 'Samsung Galaxy J2 Prime Duos 8Gb', 'samsung-galaxy-j2-8gb', '<p>Пользуйся с умом Galaxy J2 работает на основе операционной системы Android 6.0.1. Технология Turbo Boost позволит экономить место, а также эффективно использовать уже занятое место. Кроме того, приложение увеличивает скорость работы &quot;родных&quot; приложений на 40%. Яркие, четкие снимки Четкие, яркие снимки благодаря камерам 8 Мп и 5 Мп.</p>\r\n', 95, 150, '1', '', '<ul>\r\n	<li>экран диагональю 5 дюймов</li>\r\n	<li>разрешение 2560 на 1440 точек</li>\r\n	<li>процессор восьмиядерный, 2,3 ГГц</li>\r\n	<li>оперативная память &mdash; 1,5&nbsp;Гб</li>\r\n	<li>встроенная память &mdash; 8Гб</li>\r\n	<li>есть слот для карт памяти (до 32 Гб)</li>\r\n	<li>основная камера 8&nbsp;Мп</li>\r\n	<li>фронтальная камера 5 Мп</li>\r\n	<li>аккумулятор 3600 мАч</li>\r\n</ul>\r\n', 'sams-j2.jpg', '0'),
(108, 14, 'Huawei Nova 2 64 ГБ', 'huawei-nova2-64gb', '<p>Смартфон Huawei Nova 2 анонсирован в 2017 году и моментально привлек внимание ультратонким черным корпусом, наличием поддержки 2-4G-сетей и двух Nano-SIM-карт. Предусматривается наличие IPS-экрана 5&rdquo; с разрешением 1920x1080. Быстродействию ОС Android способствует наличие 8-ядерного процессора и 4 ГБ оперативной памяти. Собственный довольно большой объем 64 ГБ памяти может быть дополнен путем подключения карты microSD/SDHC/SDXC. Модель Huawei Nova 2 оснащена набором различных датчиков, включая сканер отпечатка пальцев, а также двумя камерами на 8/12 и 20 Мп с расширенным функционалом для создания профессиональной фото- и видеосъемки. Предусматривается наличие интерфейсов Wi-Fi и Bluetooth, ГЛОНАСС, GPS и A-GPS, а также разъемов mini jack 3.5 mm и USB Type-C. Смартфон весит всего 143 г, имеет габариты 6.89x14.22x0.69 см и поставляется в комплектации с USB-кабелем, зарядным устройством и наушниками.</p>\r\n', 290, 330, '1', '', '<h2>Основные характеристики</h2>\r\n\r\n<table>\r\n	<tbody>\r\n		<tr>\r\n			<td colspan=\"2\">Общие параметры</td>\r\n		</tr>\r\n		<tr>\r\n			<td>\r\n			<p>Год выпуска</p>\r\n			</td>\r\n			<td>2017</td>\r\n		</tr>\r\n		<tr>\r\n			<td colspan=\"2\">Мобильная связь</td>\r\n		</tr>\r\n		<tr>\r\n			<td>\r\n			<p>Поддержка сетей 4G (LTE)</p>\r\n			</td>\r\n			<td>есть</td>\r\n		</tr>\r\n		<tr>\r\n			<td colspan=\"2\">Система</td>\r\n		</tr>\r\n		<tr>\r\n			<td>\r\n			<p>Версия ОС</p>\r\n			</td>\r\n			<td>Android 7.0 Nougat</td>\r\n		</tr>\r\n		<tr>\r\n			<td>\r\n			<p>Количество ядер</p>\r\n			</td>\r\n			<td>8</td>\r\n		</tr>\r\n		<tr>\r\n			<td>\r\n			<p>Частота работы процессора</p>\r\n			</td>\r\n			<td>2.36 ГГц</td>\r\n		</tr>\r\n		<tr>\r\n			<td>\r\n			<p>Объем оперативной памяти</p>\r\n			</td>\r\n			<td>4 ГБ</td>\r\n		</tr>\r\n		<tr>\r\n			<td colspan=\"2\">Основная (тыловая) камера</td>\r\n		</tr>\r\n		<tr>\r\n			<td>\r\n			<p>Количество мегапикселей основной камеры</p>\r\n			</td>\r\n			<td>12+8 Мп</td>\r\n		</tr>\r\n		<tr>\r\n			<td>\r\n			<p>Апертура основной камеры</p>\r\n			</td>\r\n			<td>&fnof;/2.4, &fnof;/1.8</td>\r\n		</tr>\r\n		<tr>\r\n			<td colspan=\"2\">Фронтальная камера</td>\r\n		</tr>\r\n		<tr>\r\n			<td>\r\n			<p>Количество мегапикселей фронтальной камеры</p>\r\n			</td>\r\n			<td>20 Мп</td>\r\n		</tr>\r\n		<tr>\r\n			<td>\r\n			<p>Апертура фронтальной камеры</p>\r\n			</td>\r\n			<td>&fnof;/2.0</td>\r\n		</tr>\r\n		<tr>\r\n			<td colspan=\"2\">Питание</td>\r\n		</tr>\r\n		<tr>\r\n			<td>\r\n			<p>Емкость аккумулятора</p>\r\n			</td>\r\n			<td>2950 мАч</td>\r\n		</tr>\r\n	</tbody>\r\n</table>\r\n', 'ac9e942e6962462dbc84a9171d54d388.jpg', '0'),
(109, 9, 'Huawei P20 Lite ', 'huawei-p20-lite', '<p>Безрамочный экран нового поколения HUAWEI FullView Display 2.0 разработан для тех, кто не идет на компромиссы: новый смартфон HUAWEI P20 lite сочетает в себе компактный корпус и Full HD-экран с диагональю 5,84&rdquo;. Разнообразие цветов Смартфон HUAWEI P20 lite доступен в следующих цветах корпуса: синий ультрамарин, полночный черный, платиновый золотой и розовая сакура.</p>\r\n', 275, 295, '1', '', '<h3>Операционная система</h3>\r\n\r\n<table>\r\n	<tbody>\r\n		<tr>\r\n			<td>Операционная система</td>\r\n			<td>Android 8.0</td>\r\n		</tr>\r\n	</tbody>\r\n</table>\r\n\r\n<h3>Дисплей</h3>\r\n\r\n<table>\r\n	<tbody>\r\n		<tr>\r\n			<td>Диагональ/разрешение</td>\r\n			<td>5.84&quot;/2280x1080 пикс.</td>\r\n		</tr>\r\n		<tr>\r\n			<td>Диагональ экрана</td>\r\n			<td>5.84&quot;(14.5 см)</td>\r\n		</tr>\r\n		<tr>\r\n			<td>Технология дисплея</td>\r\n			<td>LTPS</td>\r\n		</tr>\r\n		<tr>\r\n			<td>Тип стекла</td>\r\n			<td>2.5D</td>\r\n		</tr>\r\n		<tr>\r\n			<td>Безрамочный</td>\r\n			<td>Да</td>\r\n		</tr>\r\n	</tbody>\r\n</table>\r\n\r\n<h3>Процессор</h3>\r\n\r\n<table>\r\n	<tbody>\r\n		<tr>\r\n			<td>Производитель процессора</td>\r\n			<td>HiSilicon</td>\r\n		</tr>\r\n		<tr>\r\n			<td>Тип процессора</td>\r\n			<td>HiSilicon Kirin 659</td>\r\n		</tr>\r\n		<tr>\r\n			<td>Частота процессора</td>\r\n			<td>4 x 2.36ГГц + 4 x 1.7ГГц</td>\r\n		</tr>\r\n		<tr>\r\n			<td>Количество ядер</td>\r\n			<td>8?</td>\r\n		</tr>\r\n	</tbody>\r\n</table>\r\n\r\n<h3>Фотокамера</h3>\r\n\r\n<table>\r\n	<tbody>\r\n		<tr>\r\n			<td>Двойная камера</td>\r\n			<td>Да</td>\r\n		</tr>\r\n		<tr>\r\n			<td>Разрешение фотокамеры</td>\r\n			<td>16 МПикс+2 МПикс</td>\r\n		</tr>\r\n		<tr>\r\n			<td>Стабилизатор изображения</td>\r\n			<td>цифровой</td>\r\n		</tr>\r\n		<tr>\r\n			<td>Автофокус</td>\r\n			<td>Да</td>\r\n		</tr>\r\n		<tr>\r\n			<td>Встроенная вспышка</td>\r\n			<td>Да</td>\r\n		</tr>\r\n		<tr>\r\n			<td>Разрешение фронтальной камеры</td>\r\n			<td>16 Мпикс</td>\r\n		</tr>\r\n	</tbody>\r\n</table>\r\n\r\n<h3>Память</h3>\r\n\r\n<table>\r\n	<tbody>\r\n		<tr>\r\n			<td>Оперативная память (RAM)</td>\r\n			<td>4 ГБ</td>\r\n		</tr>\r\n		<tr>\r\n			<td>Встроенная память (ROM)</td>\r\n			<td>64 ГБ</td>\r\n		</tr>\r\n		<tr>\r\n			<td>Тип карты памяти</td>\r\n			<td>microSD, microSDHC, microSDXC</td>\r\n		</tr>\r\n		<tr>\r\n			<td>Макс. емкость карты памяти</td>\r\n			<td>256 ГБ</td>\r\n		</tr>\r\n	</tbody>\r\n</table>\r\n\r\n<h3>SIM карта</h3>\r\n\r\n<table>\r\n	<tbody>\r\n		<tr>\r\n			<td>Количество SIM карт</td>\r\n			<td>1+1 (SIM или microSD)</td>\r\n		</tr>\r\n		<tr>\r\n			<td>Тип SIM карты</td>\r\n			<td>nano-SIM</td>\r\n		</tr>\r\n		<tr>\r\n			<td>Поддержка 4G LTE</td>\r\n			<td>Да</td>\r\n		</tr>\r\n		<tr>\r\n			<td>Поддержка стандартов</td>\r\n			<td>2G/3G/4G(LTE)</td>\r\n		</tr>\r\n	</tbody>\r\n</table>\r\n\r\n<h3>Функции</h3>\r\n\r\n<table>\r\n	<tbody>\r\n		<tr>\r\n			<td>Поддержка Wi-Fi</td>\r\n			<td>IEEE 802.11 a/b/g/n</td>\r\n		</tr>\r\n		<tr>\r\n			<td>Wi-Fi точка доступа</td>\r\n			<td>Да</td>\r\n		</tr>\r\n		<tr>\r\n			<td>Поддержка DLNA</td>\r\n			<td>Да</td>\r\n		</tr>\r\n		<tr>\r\n			<td>Поддержка GPS</td>\r\n			<td>Да</td>\r\n		</tr>\r\n		<tr>\r\n			<td>Цифровой компас</td>\r\n			<td>Да</td>\r\n		</tr>\r\n		<tr>\r\n			<td>Встроенный модуль Bluetooth</td>\r\n			<td>4.2</td>\r\n		</tr>\r\n		<tr>\r\n			<td>Датчик ориентации экрана</td>\r\n			<td>Да</td>\r\n		</tr>\r\n		<tr>\r\n			<td>Датчик ускорения (G-sensor)</td>\r\n			<td>Да</td>\r\n		</tr>\r\n		<tr>\r\n			<td>Датчик отпечатков пальцев</td>\r\n			<td>Да</td>\r\n		</tr>\r\n		<tr>\r\n			<td>Технология Wi-Fi Direct</td>\r\n			<td>Да</td>\r\n		</tr>\r\n		<tr>\r\n			<td>Технология NFC</td>\r\n			<td>Да</td>\r\n		</tr>\r\n		<tr>\r\n			<td>Поддержка USB Host (OTG)</td>\r\n			<td>Да</td>\r\n		</tr>\r\n	</tbody>\r\n</table>\r\n\r\n<h3>Электропитание</h3>\r\n\r\n<table>\r\n	<tbody>\r\n		<tr>\r\n			<td>Время в режиме ожидания</td>\r\n			<td>до 470 часов</td>\r\n		</tr>\r\n		<tr>\r\n			<td>Время в режиме разговора</td>\r\n			<td>до 30 часов</td>\r\n		</tr>\r\n		<tr>\r\n			<td>Емкость аккумулятора</td>\r\n			<td>3000 мАч</td>\r\n		</tr>\r\n		<tr>\r\n			<td>Тип аккумулятора</td>\r\n			<td>несъёмный</td>\r\n		</tr>\r\n		<tr>\r\n			<td>Быстрая зарядка</td>\r\n			<td>Да</td>\r\n		</tr>\r\n	</tbody>\r\n</table>\r\n\r\n<h3>Интерфейсы</h3>\r\n\r\n<table>\r\n	<tbody>\r\n		<tr>\r\n			<td>Порт USB</td>\r\n			<td>Type-C USB 2.0</td>\r\n		</tr>\r\n		<tr>\r\n			<td>Разъем 3.5 мм для подкл. гарнитуры</td>\r\n			<td>1</td>\r\n		</tr>\r\n	</tbody>\r\n</table>\r\n\r\n<h3>Корпус</h3>\r\n\r\n<table>\r\n	<tbody>\r\n		<tr>\r\n			<td>Материал корпуса</td>\r\n			<td>металл/ стекло</td>\r\n		</tr>\r\n	</tbody>\r\n</table>\r\n\r\n<h3>Комплектация</h3>\r\n\r\n<table>\r\n	<tbody>\r\n		<tr>\r\n			<td>Зарядное устройство в комплекте</td>\r\n			<td>Да</td>\r\n		</tr>\r\n		<tr>\r\n			<td>Кабель для связи с ПК</td>\r\n			<td>в комплекте</td>\r\n		</tr>\r\n		<tr>\r\n			<td>Проводная гарнитура</td>\r\n			<td>в комплекте</td>\r\n		</tr>\r\n	</tbody>\r\n</table>\r\n\r\n<h3>Цвет, размеры и вес</h3>\r\n\r\n<table>\r\n	<tbody>\r\n		<tr>\r\n			<td>Цвет</td>\r\n			<td>черный</td>\r\n		</tr>\r\n		<tr>\r\n			<td>Габаритные размеры (В*Ш*Г)</td>\r\n			<td>149*71*7.4</td>\r\n		</tr>\r\n		<tr>\r\n			<td>Вес</td>\r\n			<td>145 г</td>\r\n		</tr>\r\n	</tbody>\r\n</table>\r\n\r\n<h3>Основные характеристики</h3>\r\n\r\n<table>\r\n	<tbody>\r\n		<tr>\r\n			<td>Гарантия</td>\r\n			<td>1 год</td>\r\n		</tr>\r\n		<tr>\r\n			<td>Страна</td>\r\n			<td>КНР</td>\r\n		</tr>\r\n		<tr>\r\n			<td>Высота</td>\r\n			<td>148.6 мм</td>\r\n		</tr>\r\n		<tr>\r\n			<td>Ширина</td>\r\n			<td>71.2 мм</td>\r\n		</tr>\r\n		<tr>\r\n			<td>Глубина</td>\r\n			<td>7.4 мм</td>\r\n		</tr>\r\n	</tbody>\r\n</table>\r\n', 'huawei-p20-lite.jpg', '1'),
(110, 9, 'Huawei Mate 20 Lite 4/64GB', 'huawei-mate-20-lite-4-64gb', '<p>Смартфон Huawei Mate 20 Lite 4/64GB SNE-LX1 Синий - безупречный гаджет, которым хочется владеть Модель является лучшим представителем средней ценовой категории. Аппарат легко может претендовать на звание флагмана, что обусловлено двумя сдвоенными объективами совершенного качества и использованием современного чипсета.</p>\r\n', 265, 290, '1', '', '<h3>Операционная система</h3>\r\n\r\n<table>\r\n	<tbody>\r\n		<tr>\r\n			<td>Операционная система</td>\r\n			<td>Android 8.0</td>\r\n		</tr>\r\n	</tbody>\r\n</table>\r\n\r\n<h3>Дисплей</h3>\r\n\r\n<table>\r\n	<tbody>\r\n		<tr>\r\n			<td>Диагональ/разрешение</td>\r\n			<td>5.84&quot;/2280x1080 пикс.</td>\r\n		</tr>\r\n		<tr>\r\n			<td>Диагональ экрана</td>\r\n			<td>5.84&quot;(14.5 см)</td>\r\n		</tr>\r\n		<tr>\r\n			<td>Технология дисплея</td>\r\n			<td>LTPS</td>\r\n		</tr>\r\n		<tr>\r\n			<td>Тип стекла</td>\r\n			<td>2.5D</td>\r\n		</tr>\r\n		<tr>\r\n			<td>Безрамочный</td>\r\n			<td>Да</td>\r\n		</tr>\r\n	</tbody>\r\n</table>\r\n\r\n<h3>Процессор</h3>\r\n\r\n<table>\r\n	<tbody>\r\n		<tr>\r\n			<td>Производитель процессора</td>\r\n			<td>HiSilicon</td>\r\n		</tr>\r\n		<tr>\r\n			<td>Тип процессора</td>\r\n			<td>HiSilicon Kirin 659</td>\r\n		</tr>\r\n		<tr>\r\n			<td>Частота процессора</td>\r\n			<td>4 x 2.36ГГц + 4 x 1.7ГГц</td>\r\n		</tr>\r\n		<tr>\r\n			<td>Количество ядер</td>\r\n			<td>8?</td>\r\n		</tr>\r\n	</tbody>\r\n</table>\r\n\r\n<h3>Фотокамера</h3>\r\n\r\n<table>\r\n	<tbody>\r\n		<tr>\r\n			<td>Двойная камера</td>\r\n			<td>Да</td>\r\n		</tr>\r\n		<tr>\r\n			<td>Разрешение фотокамеры</td>\r\n			<td>16 МПикс+2 МПикс</td>\r\n		</tr>\r\n		<tr>\r\n			<td>Стабилизатор изображения</td>\r\n			<td>цифровой</td>\r\n		</tr>\r\n		<tr>\r\n			<td>Автофокус</td>\r\n			<td>Да</td>\r\n		</tr>\r\n		<tr>\r\n			<td>Встроенная вспышка</td>\r\n			<td>Да</td>\r\n		</tr>\r\n		<tr>\r\n			<td>Разрешение фронтальной камеры</td>\r\n			<td>16 Мпикс</td>\r\n		</tr>\r\n	</tbody>\r\n</table>\r\n\r\n<h3>Память</h3>\r\n\r\n<table>\r\n	<tbody>\r\n		<tr>\r\n			<td>Оперативная память (RAM)</td>\r\n			<td>4 ГБ</td>\r\n		</tr>\r\n		<tr>\r\n			<td>Встроенная память (ROM)</td>\r\n			<td>64 ГБ</td>\r\n		</tr>\r\n		<tr>\r\n			<td>Тип карты памяти</td>\r\n			<td>microSD, microSDHC, microSDXC</td>\r\n		</tr>\r\n		<tr>\r\n			<td>Макс. емкость карты памяти</td>\r\n			<td>256 ГБ</td>\r\n		</tr>\r\n	</tbody>\r\n</table>\r\n\r\n<h3>SIM карта</h3>\r\n\r\n<table>\r\n	<tbody>\r\n		<tr>\r\n			<td>Количество SIM карт</td>\r\n			<td>1+1 (SIM или microSD)</td>\r\n		</tr>\r\n		<tr>\r\n			<td>Тип SIM карты</td>\r\n			<td>nano-SIM</td>\r\n		</tr>\r\n		<tr>\r\n			<td>Поддержка 4G LTE</td>\r\n			<td>Да</td>\r\n		</tr>\r\n		<tr>\r\n			<td>Поддержка стандартов</td>\r\n			<td>2G/3G/4G(LTE)</td>\r\n		</tr>\r\n	</tbody>\r\n</table>\r\n\r\n<h3>Функции</h3>\r\n\r\n<table>\r\n	<tbody>\r\n		<tr>\r\n			<td>Поддержка Wi-Fi</td>\r\n			<td>IEEE 802.11 a/b/g/n</td>\r\n		</tr>\r\n		<tr>\r\n			<td>Wi-Fi точка доступа</td>\r\n			<td>Да</td>\r\n		</tr>\r\n		<tr>\r\n			<td>Поддержка DLNA</td>\r\n			<td>Да</td>\r\n		</tr>\r\n		<tr>\r\n			<td>Поддержка GPS</td>\r\n			<td>Да</td>\r\n		</tr>\r\n		<tr>\r\n			<td>Цифровой компас</td>\r\n			<td>Да</td>\r\n		</tr>\r\n		<tr>\r\n			<td>Встроенный модуль Bluetooth</td>\r\n			<td>4.2</td>\r\n		</tr>\r\n		<tr>\r\n			<td>Датчик ориентации экрана</td>\r\n			<td>Да</td>\r\n		</tr>\r\n		<tr>\r\n			<td>Датчик ускорения (G-sensor)</td>\r\n			<td>Да</td>\r\n		</tr>\r\n		<tr>\r\n			<td>Датчик отпечатков пальцев</td>\r\n			<td>Да</td>\r\n		</tr>\r\n		<tr>\r\n			<td>Технология Wi-Fi Direct</td>\r\n			<td>Да</td>\r\n		</tr>\r\n		<tr>\r\n			<td>Технология NFC</td>\r\n			<td>Да</td>\r\n		</tr>\r\n		<tr>\r\n			<td>Поддержка USB Host (OTG)</td>\r\n			<td>Да</td>\r\n		</tr>\r\n	</tbody>\r\n</table>\r\n\r\n<h3>Электропитание</h3>\r\n\r\n<table>\r\n	<tbody>\r\n		<tr>\r\n			<td>Время в режиме ожидания</td>\r\n			<td>до 470 часов</td>\r\n		</tr>\r\n		<tr>\r\n			<td>Время в режиме разговора</td>\r\n			<td>до 30 часов</td>\r\n		</tr>\r\n		<tr>\r\n			<td>Емкость аккумулятора</td>\r\n			<td>3000 мАч</td>\r\n		</tr>\r\n		<tr>\r\n			<td>Тип аккумулятора</td>\r\n			<td>несъёмный</td>\r\n		</tr>\r\n		<tr>\r\n			<td>Быстрая зарядка</td>\r\n			<td>Да</td>\r\n		</tr>\r\n	</tbody>\r\n</table>\r\n\r\n<h3>Интерфейсы</h3>\r\n\r\n<table>\r\n	<tbody>\r\n		<tr>\r\n			<td>Порт USB</td>\r\n			<td>Type-C USB 2.0</td>\r\n		</tr>\r\n		<tr>\r\n			<td>Разъем 3.5 мм для подкл. гарнитуры</td>\r\n			<td>1</td>\r\n		</tr>\r\n	</tbody>\r\n</table>\r\n\r\n<h3>Корпус</h3>\r\n\r\n<table>\r\n	<tbody>\r\n		<tr>\r\n			<td>Материал корпуса</td>\r\n			<td>металл/ стекло</td>\r\n		</tr>\r\n	</tbody>\r\n</table>\r\n\r\n<h3>Комплектация</h3>\r\n\r\n<table>\r\n	<tbody>\r\n		<tr>\r\n			<td>Зарядное устройство в комплекте</td>\r\n			<td>Да</td>\r\n		</tr>\r\n		<tr>\r\n			<td>Кабель для связи с ПК</td>\r\n			<td>в комплекте</td>\r\n		</tr>\r\n		<tr>\r\n			<td>Проводная гарнитура</td>\r\n			<td>в комплекте</td>\r\n		</tr>\r\n	</tbody>\r\n</table>\r\n\r\n<h3>Цвет, размеры и вес</h3>\r\n\r\n<table>\r\n	<tbody>\r\n		<tr>\r\n			<td>Цвет</td>\r\n			<td>черный</td>\r\n		</tr>\r\n		<tr>\r\n			<td>Габаритные размеры (В*Ш*Г)</td>\r\n			<td>149*71*7.4</td>\r\n		</tr>\r\n		<tr>\r\n			<td>Вес</td>\r\n			<td>145 г</td>\r\n		</tr>\r\n	</tbody>\r\n</table>\r\n\r\n<h3>Основные характеристики</h3>\r\n\r\n<table>\r\n	<tbody>\r\n		<tr>\r\n			<td>Гарантия</td>\r\n			<td>1 год</td>\r\n		</tr>\r\n		<tr>\r\n			<td>Страна</td>\r\n			<td>КНР</td>\r\n		</tr>\r\n		<tr>\r\n			<td>Высота</td>\r\n			<td>148.6 мм</td>\r\n		</tr>\r\n		<tr>\r\n			<td>Ширина</td>\r\n			<td>71.2 мм</td>\r\n		</tr>\r\n		<tr>\r\n			<td>Глубина</td>\r\n			<td>7.4 мм</td>\r\n		</tr>\r\n	</tbody>\r\n</table>\r\n', 'huawei-p20-lite.jpg', '0');

-- --------------------------------------------------------

--
-- Структура таблицы `related_product`
--

CREATE TABLE `related_product` (
  `product_id` int(10) UNSIGNED NOT NULL,
  `related_id` int(10) UNSIGNED NOT NULL
) ENGINE=InnoDB DEFAULT CHARSET=utf8;

--
-- Дамп данных таблицы `related_product`
--

INSERT INTO `related_product` (`product_id`, `related_id`) VALUES
(1, 2),
(1, 3),
(1, 5),
(2, 1),
(2, 5),
(2, 10),
(3, 10),
(3, 11),
(3, 12),
(4, 1),
(4, 8),
(4, 9),
(5, 1),
(5, 7),
(5, 8),
(6, 21),
(6, 22),
(6, 23),
(7, 19),
(7, 20),
(8, 17),
(8, 18),
(8, 19),
(9, 18),
(9, 19),
(9, 20),
(10, 1),
(10, 2),
(10, 3),
(11, 4),
(11, 5),
(11, 6),
(12, 7),
(12, 8),
(12, 9),
(13, 10),
(13, 11),
(13, 12),
(14, 13),
(14, 15),
(14, 16),
(14, 17),
(14, 18),
(14, 19),
(15, 20),
(15, 21),
(15, 22),
(16, 1),
(16, 2),
(16, 23),
(17, 2),
(17, 3),
(17, 4),
(18, 8),
(18, 19),
(21, 2),
(21, 10),
(21, 23),
(22, 1),
(22, 3),
(22, 4),
(23, 1),
(23, 14),
(106, 6),
(106, 23),
(106, 31),
(107, 1),
(107, 6),
(107, 106),
(108, 4),
(108, 5),
(108, 8),
(109, 1),
(109, 5),
(109, 6),
(110, 5),
(110, 10),
(110, 14);

-- --------------------------------------------------------

--
-- Структура таблицы `user`
--

CREATE TABLE `user` (
  `id` int(10) UNSIGNED NOT NULL,
  `login` varchar(100) CHARACTER SET utf8 COLLATE utf8_general_ci NOT NULL,
  `password` char(64) CHARACTER SET utf8 COLLATE utf8_general_ci NOT NULL,
  `email` varchar(200) CHARACTER SET utf8 COLLATE utf8_general_ci NOT NULL,
  `name` varchar(100) CHARACTER SET utf8 COLLATE utf8_general_ci NOT NULL,
  `address` text CHARACTER SET utf8 COLLATE utf8_general_ci NOT NULL,
  `role` enum('user','admin') NOT NULL DEFAULT 'user'
) ENGINE=InnoDB DEFAULT CHARSET=utf8;

--
-- Дамп данных таблицы `user`
--

INSERT INTO `user` (`id`, `login`, `password`, `email`, `name`, `address`, `role`) VALUES
(2, 'user11', '$2y$10$C/hSODlIe89CgnCvPiVJneU7F8ZfInCnzcckWqzUBcflTGNeO4DFO', '21@mail.ru', 'User11', '222', 'user'),
(4, 'user12', '$2y$10$4nuAJRcYwxziFnqcxDUdvOyuyTh00DcAFfXvLipGZawA.q9d.ypHK', '11@fg.uy', 'User1', '111', 'user'),
(5, 'user1', '$2y$10$AzStzFskWV.ewWX9slQofOHmX6OKj4rFi0cgL./5YxpH3ny1ZZ4IC', '11@fg.wq', 'User1', '123', 'user'),
(6, 'user21', '$2y$10$HsPnMSOBxpAGl5is2jFppOLzBtBjgAvH.P0NqCZa/bfPlXM4bbf4q', 'mahatu@mail.ru', 'User21', '121212', 'user'),
(7, 'admin', '$2y$10$G5pLeNRkfj6MqWUcfnUSBupa3rSFZkpl0/W/1XG40M2OcoUV.9qM2', 'andrew1971@mail.ru', 'Андрей', 'Санкт-Петербург', 'admin'),
(8, 'user15', '$2y$10$EGd6DZYgcDk.rFgBhQVkjOejMGXGYamXTQoAHcg1/QNyQTAeciO2O', 'ss@aw.ru', 'User15', '124', 'user'),
(9, 'user3', '$2y$10$7O0cCslptUSpozeUdblOKOwzFjks5.KMdTFLSkHNCqQ8QzhPsHGfW', 'a@qe.rw', 'User3', '212', 'user'),
(16, 'user100', '$2y$10$CM2RZs79ruH3PyYRgVeA3eJ.ELB0LJxhPz.xAoLrQ15pU1tH6mibK', 'taf_397@yahoo.com', 'User100', 'Науки 54-20', 'user');

--
-- Индексы сохранённых таблиц
--

--
-- Индексы таблицы `attribute_group`
--
ALTER TABLE `attribute_group`
  ADD PRIMARY KEY (`id`);

--
-- Индексы таблицы `attribute_product`
--
ALTER TABLE `attribute_product`
  ADD PRIMARY KEY (`attr_id`,`product_id`);

--
-- Индексы таблицы `attribute_value`
--
ALTER TABLE `attribute_value`
  ADD PRIMARY KEY (`id`),
  ADD UNIQUE KEY `value` (`value`),
  ADD KEY `attr_group_id` (`attr_group_id`);

--
-- Индексы таблицы `brand`
--
ALTER TABLE `brand`
  ADD PRIMARY KEY (`id`),
  ADD UNIQUE KEY `alias` (`alias`);

--
-- Индексы таблицы `category`
--
ALTER TABLE `category`
  ADD PRIMARY KEY (`id`),
  ADD UNIQUE KEY `alias` (`alias`);

--
-- Индексы таблицы `currency`
--
ALTER TABLE `currency`
  ADD PRIMARY KEY (`id`);

--
-- Индексы таблицы `gallery`
--
ALTER TABLE `gallery`
  ADD PRIMARY KEY (`id`);

--
-- Индексы таблицы `modification`
--
ALTER TABLE `modification`
  ADD PRIMARY KEY (`id`);

--
-- Индексы таблицы `order`
--
ALTER TABLE `order`
  ADD PRIMARY KEY (`id`);

--
-- Индексы таблицы `order_product`
--
ALTER TABLE `order_product`
  ADD PRIMARY KEY (`id`),
  ADD KEY `order_id` (`order_id`);

--
-- Индексы таблицы `product`
--
ALTER TABLE `product`
  ADD PRIMARY KEY (`id`),
  ADD UNIQUE KEY `alias` (`alias`),
  ADD KEY `category_id` (`category_id`),
  ADD KEY `hit` (`hit`);

--
-- Индексы таблицы `related_product`
--
ALTER TABLE `related_product`
  ADD PRIMARY KEY (`product_id`,`related_id`);

--
-- Индексы таблицы `user`
--
ALTER TABLE `user`
  ADD PRIMARY KEY (`id`),
  ADD UNIQUE KEY `login` (`login`),
  ADD UNIQUE KEY `email` (`email`);

--
-- AUTO_INCREMENT для сохранённых таблиц
--

--
-- AUTO_INCREMENT для таблицы `attribute_group`
--
ALTER TABLE `attribute_group`
  MODIFY `id` int(10) UNSIGNED NOT NULL AUTO_INCREMENT, AUTO_INCREMENT=10;

--
-- AUTO_INCREMENT для таблицы `attribute_value`
--
ALTER TABLE `attribute_value`
  MODIFY `id` int(10) UNSIGNED NOT NULL AUTO_INCREMENT, AUTO_INCREMENT=21;

--
-- AUTO_INCREMENT для таблицы `brand`
--
ALTER TABLE `brand`
  MODIFY `id` int(10) UNSIGNED NOT NULL AUTO_INCREMENT, AUTO_INCREMENT=8;

--
-- AUTO_INCREMENT для таблицы `category`
--
ALTER TABLE `category`
  MODIFY `id` int(10) UNSIGNED NOT NULL AUTO_INCREMENT, AUTO_INCREMENT=45;

--
-- AUTO_INCREMENT для таблицы `currency`
--
ALTER TABLE `currency`
  MODIFY `id` int(10) UNSIGNED NOT NULL AUTO_INCREMENT, AUTO_INCREMENT=4;

--
-- AUTO_INCREMENT для таблицы `gallery`
--
ALTER TABLE `gallery`
  MODIFY `id` int(10) UNSIGNED NOT NULL AUTO_INCREMENT, AUTO_INCREMENT=58;

--
-- AUTO_INCREMENT для таблицы `modification`
--
ALTER TABLE `modification`
  MODIFY `id` int(10) UNSIGNED NOT NULL AUTO_INCREMENT, AUTO_INCREMENT=8;

--
-- AUTO_INCREMENT для таблицы `order`
--
ALTER TABLE `order`
  MODIFY `id` int(10) UNSIGNED NOT NULL AUTO_INCREMENT, AUTO_INCREMENT=59;

--
-- AUTO_INCREMENT для таблицы `order_product`
--
ALTER TABLE `order_product`
  MODIFY `id` int(10) UNSIGNED NOT NULL AUTO_INCREMENT, AUTO_INCREMENT=87;

--
-- AUTO_INCREMENT для таблицы `product`
--
ALTER TABLE `product`
  MODIFY `id` int(10) UNSIGNED NOT NULL AUTO_INCREMENT, AUTO_INCREMENT=111;

--
-- AUTO_INCREMENT для таблицы `user`
--
ALTER TABLE `user`
  MODIFY `id` int(10) UNSIGNED NOT NULL AUTO_INCREMENT, AUTO_INCREMENT=17;

--
-- Ограничения внешнего ключа сохраненных таблиц
--

--
-- Ограничения внешнего ключа таблицы `order_product`
--
ALTER TABLE `order_product`
  ADD CONSTRAINT `order_product_ibfk_1` FOREIGN KEY (`order_id`) REFERENCES `order` (`id`) ON DELETE CASCADE ON UPDATE CASCADE;
COMMIT;

/*!40101 SET CHARACTER_SET_CLIENT=@OLD_CHARACTER_SET_CLIENT */;
/*!40101 SET CHARACTER_SET_RESULTS=@OLD_CHARACTER_SET_RESULTS */;
/*!40101 SET COLLATION_CONNECTION=@OLD_COLLATION_CONNECTION */;
